"atlas_rank","id","name","institution","research_area","research_influence_index","citations","h_index","citations_to_2023_2025_publications","indexed_works","identity_status","openalex_author","profile_source","snapshot_date"
"1","aviv-regev","Aviv Regev","Genentech","compute","100","235317","210","5205","968","verified","https://openalex.org/A5004067604","https://www.gene.com/scientists/our-scientists/aviv-regev","2026-09-15"
"2","john-rogers","John A. Rogers","Northwestern University","record","97.9","114481","169","4353","1085","verified","https://openalex.org/A5045551635","https://www.mccormick.northwestern.edu/research-faculty/directory/profiles/rogers-john.html","2026-09-15"
"3","karl-deisseroth","Karl Deisseroth","Stanford University","stimulate","97.7","135384","187","1895","633","verified","https://openalex.org/A5014360828","https://profiles.stanford.edu/karl-deisseroth","2026-09-15"
"4","andres-lozano","Andres Lozano","University of Toronto","stimulate","95.4","85854","143","1703","1214","verified","https://openalex.org/A5071124477","https://surgery.utoronto.ca/faculty/andres-lozano","2026-09-15"
"5","gyorgy-buzsaki","György Buzsáki","New York University","record","95.2","133135","169","1284","594","verified","https://openalex.org/A5043247282","https://med.nyu.edu/faculty/gyorgy-buzsaki","2026-09-15"
"6","karel-svoboda","Karel Svoboda","Allen Institute","record","95.1","85275","134","2008","406","verified","https://openalex.org/A5088944052","https://alleninstitute.org/person/karel-svoboda","2026-09-15"
"7","christof-koch","Christof Koch","Allen Institute","compute","94.7","136556","160","1131","1048","verified","https://openalex.org/A5084822308","https://alleninstitute.org/person/christof-koch","2026-09-15"
"8","bryan-roth","Bryan Roth","University of North Carolina at Chapel Hill","stimulate","94.6","84828","141","1712","955","verified","https://openalex.org/A5007856961","https://unclineberger.org/directory/bryan-roth","2026-09-15"
"9","ulf-ziemann","Ulf Ziemann","University Hospital Tübingen","stimulate","93.9","65409","127","2357","900","verified","https://openalex.org/A5070374515","https://www.medizin.uni-tuebingen.de/de/das-klinikum/mitarbeiter/1601","2026-09-15"
"10","takao-someya","Takao Someya","University of Tokyo","record","92.8","59097","107","3238","724","verified","https://openalex.org/A5008853188","https://www.eeis.t.u-tokyo.ac.jp/en/staff/someya-takao/","2026-09-15"
"11","george-malliaras","George Malliaras","University of Cambridge","record","91.9","51285","114","3026","645","verified","https://openalex.org/A5022830421","https://www.eng.cam.ac.uk/node/4080","2026-09-15"
"12","hongkui-zeng","Hongkui Zeng","Allen Institute","record","91.2","57408","96","3779","378","verified","https://openalex.org/A5010189175","https://alleninstitute.org/person/hongkui-zeng","2026-09-15"
"13","edward-chang","Edward Chang","University of California, San Francisco","restore","89.2","48330","103","2910","740","verified","https://openalex.org/A5091099837","https://www.ucsfhealth.org/providers/edward-chang","2026-09-15"
"14","helen-mayberg","Helen Mayberg","Icahn School of Medicine at Mount Sinai","stimulate","88.8","60745","103","1056","535","verified","https://openalex.org/A5026199142","https://profiles.icahn.mssm.edu/helen-s-mayberg","2026-09-15"
"15","ed-lein","Ed Lein","Allen Institute / University of Washington","record","88.2","53063","81","3691","291","verified","https://openalex.org/A5085405013","https://alleninstitute.org/person/ed-lein","2026-09-15"
"16","ed-boyden","Ed Boyden","MIT","stimulate","86.7","47562","97","1583","481","verified","https://openalex.org/A5109593948","https://mcgovern.mit.edu/profile/ed-boyden/","2026-09-15"
"17","kenneth-harris","Kenneth Harris","University College London / Cortexlab","compute","86.3","49513","92","1251","669","verified","https://openalex.org/A5064176073","https://www.ucl.ac.uk/research/domains/sites/research_domains/files/neuroai_conference_brochure_2025_0.pdf","2026-09-15"
"18","sebastian-seung","Sebastian Seung","Princeton University","compute","85.6","49351","80","2302","269","verified","https://openalex.org/A5044273339","https://pni.princeton.edu/people/h-sebastian-seung","2026-09-15"
"19","guoping-feng","Guoping Feng","MIT / Broad Institute of MIT and Harvard","stimulate","84.3","45300","103","1008","411","verified","https://openalex.org/A5014241947","https://mcgovern.mit.edu/profile/guoping-feng/","2026-09-15"
"20","bernardo-sabatini","Bernardo Sabatini","Harvard University","record","82.4","36892","98","1169","308","verified","https://openalex.org/A5043679513","https://kempnerinstitute.harvard.edu/people/our-people/bernardo-sabatini/","2026-09-15"
"21","loren-looger","Loren Looger","University of California, San Diego","record","82.2","41050","84","1369","284","verified","https://openalex.org/A5054436322","https://neurosciences.ucsd.edu/research/labs/looger/people.html","2026-09-15"
"22","atsushi-miyawaki","Atsushi Miyawaki","RIKEN","record","81.7","51351","108","362","621","verified","https://openalex.org/A5005075596","https://cbs.riken.jp/en/faculty/a.miyawaki/","2026-09-15"
"23","peter-brown","Peter Brown","University of Oxford","stimulate","81.3","67664","133","191","901","verified","https://openalex.org/A5087477752","https://www.neuroscience.ox.ac.uk/news/retirement-of-professor-peter-brown","2026-09-15"
"24","krishna-shenoy","Krishna Shenoy","Stanford University (historical)","compute","80.6","32734","89","1384","299","verified","https://openalex.org/A5004430663","https://engineering.stanford.edu/news/krishna-shenoy-engineer-who-reimagined-how-brain-makes-body-move-dies-54","2026-09-15"
"25","rafael-yuste","Rafael Yuste","Columbia University","record","80","41461","108","435","427","verified","https://openalex.org/A5083888813","https://biology.columbia.edu/content/rafael-yuste","2026-09-15"
"26","jeff-lichtman","Jeff Lichtman","Harvard University","record","78.6","37166","88","761","351","verified","https://openalex.org/A5037495122","https://pinphd.hms.harvard.edu/people/jeff-w-lichtman","2026-09-15"
"27","michael-miller","Michael I. Miller","Johns Hopkins University","compute","78.4","38811","96","565","582","verified","https://openalex.org/A5033151214","https://engineering.jhu.edu/ece/faculty/michael-miller/","2026-09-15"
"28","matteo-carandini","Matteo Carandini","University College London / Cortexlab","compute","78.3","35858","85","920","409","verified","https://openalex.org/A5026654708","https://www.ucl.ac.uk/brain-sciences/research/meet-expert/meet-expert-professor-matteo-carandini","2026-09-15"
"29","bin-he","Bin He","Carnegie Mellon University","restore","77.9","29754","88","1372","1264","verified","https://openalex.org/A5100671882","https://www.cmu.edu/bme/People/Faculty/profile/bhe.html","2026-09-15"
"30","maarten-van-den-heuvel","Martijn P. van den Heuvel","Vrije Universiteit Amsterdam","compute","75.8","36687","86","559","343","verified","https://openalex.org/A5009949271","https://research.vu.nl/en/persons/martijn-van-den-heuvel/","2026-09-15"
"31","silvestro-micera","Silvestro Micera","École Polytechnique Fédérale de Lausanne (EPFL) / Scuola Superiore Sant’Anna","restore","74.4","28824","80","1118","776","verified","https://openalex.org/A5080060929","https://people.epfl.ch/silvestro.micera","2026-09-15"
"32","philip-starr","Philip Starr","University of California, San Francisco","stimulate","72.3","22800","76","1517","441","verified","https://openalex.org/A5024860464","https://profiles.ucsf.edu/philip.starr","2026-09-15"
"33","fritjof-helmchen","Fritjof Helmchen","University of Zurich","record","71.5","31008","76","654","308","verified","https://openalex.org/A5038528403","https://www.hifo.uzh.ch/en/research/helmchen.html","2026-09-15"
"34","viviana-gradinaru","Viviana Gradinaru","California Institute of Technology","stimulate","71.4","32997","66","671","228","verified","https://openalex.org/A5050240445","https://www.bbe.caltech.edu/people/viviana-gradinaru","2026-09-15"
"35","gregoire-courtine","Grégoire Courtine","École Polytechnique Fédérale de Lausanne (EPFL) / NeuroRestore","restore","70.4","22579","73","1411","251","verified","https://openalex.org/A5018530098","https://people.epfl.ch/gregoire.courtine/?lang=en","2026-09-15"
"36","richard-andersen","Richard Andersen","California Institute of Technology","compute","70.3","30865","89","336","341","verified","https://openalex.org/A5059911759","https://directory.caltech.edu/personnel/andersen","2026-09-15"
"37","martha-farah","Martha Farah","University of Pennsylvania","personal","70.2","43870","103","46","344","verified","https://openalex.org/A5063660509","https://neuroethics.upenn.edu/","2026-09-15"
"38","leigh-hochberg","Leigh Hochberg","Brown University / Massachusetts General Hospital / Harvard University","restore","69.1","21788","62","1712","267","verified","https://openalex.org/A5032110460","https://vivo.brown.edu/display/lhochber","2026-09-15"
"39","michael-roukes","Michael Roukes","California Institute of Technology","record","68.8","39578","79","164","328","verified","https://openalex.org/A5082335410","https://www.pma.caltech.edu/people/michael-l-roukes","2026-09-15"
"40","nigel-lovell","Nigel Lovell","UNSW Sydney","restore","68.7","23585","71","900","863","verified","https://openalex.org/A5060602596","https://www.unsw.edu.au/staff/nigel-lovell","2026-09-15"
"41","pieter-roelfsema","Pieter Roelfsema","Netherlands Institute for Neuroscience / Vrije Universiteit Amsterdam","record","68.6","24780","74","693","360","verified","https://openalex.org/A5008620732","https://nin.nl/research-groups/roelfsema/","2026-09-15"
"42","david-tank","David Tank","Princeton University","record","67.6","49278","81","33","211","verified","https://openalex.org/A5042778805","https://pni.princeton.edu/people/david-tank","2026-09-15"
"42","clay-reid","R. Clay Reid","Allen Institute","record","67.6","22612","72","850","196","verified","https://openalex.org/A5005494448","https://alleninstitute.org/person/r-clay-reid/","2026-09-15"
"44","jaimie-henderson","Jaimie Henderson","Stanford University / Neural Prosthetics Translational Laboratory","restore","67.1","21102","62","1493","247","verified","https://openalex.org/A5009856256","https://profiles.stanford.edu/jaimie-henderson","2026-09-15"
"45","reza-shadmehr","Reza Shadmehr","Johns Hopkins University","compute","66.9","31278","84","181","301","verified","https://openalex.org/A5028793301","https://profiles.hopkinsmedicine.org/provider/reza-shadmehr/2777030","2026-09-15"
"46","peter-hegemann","Peter Hegemann","Humboldt University of Berlin","stimulate","66.1","30439","81","204","399","verified","https://openalex.org/A5032787107","https://www.bbaw.de/die-akademie/bbaw-mitglieder/mitglied-peter-hegemann","2026-09-15"
"47","mark-schnitzer","Mark Schnitzer","Stanford University","record","65.8","25482","74","396","181","verified","https://openalex.org/A5009631067","https://profiles.stanford.edu/mark-schnitzer","2026-09-15"
"48","warren-grill","Warren Grill","Duke University","stimulate","65.5","21664","76","615","509","verified","https://openalex.org/A5017539910","https://scholars.duke.edu/person/warren.grill","2026-09-15"
"49","satrajit-ghosh","Satrajit Ghosh","MIT","compute","64.8","25326","58","619","363","verified","https://openalex.org/A5051194003","https://satra.cogitatum.org/","2026-09-15"
"50","john-donoghue","John Donoghue","Brown University","restore","64.2","32621","77","131","187","verified","https://openalex.org/A5029666654","https://vivo.brown.edu/display/jdonoghu","2026-09-15"
"51","sameer-sheth","Sameer Sheth","Baylor College of Medicine / Rice University","restore","63","13849","65","1239","502","verified","https://openalex.org/A5082661128","https://www.bcm.edu/people-search/sameer-sheth","2026-09-15"
"52","liam-paninski","Liam Paninski","Columbia University","compute","62.9","23413","66","422","289","verified","https://openalex.org/A5023278055","https://zuckermaninstitute.columbia.edu/liam-paninski-phd","2026-09-15"
"53","nick-ramsey","Nick Ramsey","University Medical Center Utrecht","restore","62.7","18366","77","544","499","verified","https://openalex.org/A5063036619","https://research.umcutrecht.nl/researchers/ramsey/","2026-09-15"
"54","john-ngai","John Ngai","NIH BRAIN Initiative","record","58.9","32949","53","135","134","verified","https://openalex.org/A5006317886","https://braininitiative.nih.gov/about/leadership","2026-09-15"
"55","joseph-fins","Joseph Fins","Weill Cornell Medicine","personal","58.8","13559","59","813","541","verified","https://openalex.org/A5064445958","https://teach.weill.cornell.edu/person/joseph-j-fins","2026-09-15"
"56","marius-pachitariu","Marius Pachitariu","HHMI Janelia Research Campus","compute","58.7","21130","37","1702","91","verified","https://openalex.org/A5084844011","https://www.janelia.org/people/marius-pachitariu","2026-09-15"
"57","jocelyne-bloch","Jocelyne Bloch","Lausanne University Hospital (CHUV) / University of Lausanne / École Polytechnique Fédérale de Lausanne (EPFL) / NeuroRestore","restore","58.2","13129","55","1245","245","verified","https://openalex.org/A5010595940","https://www.chuv.ch/fr/nos-specialistes/departements-et-services/equipe/profil/web_prf_92/jocelyne-bloch","2026-09-15"
"58","stephanie-lacour","Stéphanie Lacour","École Polytechnique Fédérale de Lausanne (EPFL)","restore","58.1","14801","62","542","249","verified","https://openalex.org/A5017041671","https://people.epfl.ch/stephanie.lacour?lang=en","2026-09-15"
"59","loren-frank","Loren Frank","University of California, San Francisco","compute","57","19978","69","250","228","verified","https://openalex.org/A5060193294","https://physiology.ucsf.edu/frank","2026-09-15"
"60","yaroslav-halchenko","Yaroslav Halchenko","Dartmouth College","compute","56.4","24144","42","486","422","verified","https://openalex.org/A5074058957","https://centerforopenneuroscience.org/","2026-09-15"
"61","cameron-mcintyre","Cameron McIntyre","Duke University","compute","56.2","18249","67","286","240","verified","https://openalex.org/A5083835604","https://scholars.duke.edu/person/Cameron.McIntyre","2026-09-15"
"62","tim-harris","Tim Harris","HHMI Janelia Research Campus","record","55.3","15756","45","832","220","verified","https://openalex.org/A5101535208","https://www.janelia.org/people/tim-harris","2026-09-15"
"63","josef-parvizi","Josef Parvizi","Stanford University","record","54.4","14184","55","401","206","verified","https://openalex.org/A5059660895","https://profiles.stanford.edu/josef-parvizi","2026-09-15"
"64","adam-cohen","Adam Cohen","Harvard University","record","54.2","12670","55","754","279","verified","https://openalex.org/A5067931881","https://cohenweb.rc.fas.harvard.edu/","2026-09-15"
"65","polina-anikeeva","Polina Anikeeva","MIT","stimulate","53.5","13318","52","565","153","verified","https://openalex.org/A5009750653","https://bioelectronics.mit.edu/polina.html","2026-09-15"
"66","joshua-vogelstein","Joshua Vogelstein","Johns Hopkins University","compute","52.2","12391","48","1034","572","verified","https://openalex.org/A5065441417","https://www.bme.jhu.edu/faculty_staff/joshua-vogelstein/","2026-09-15"
"67","sliman-bensmaia","Sliman Bensmaia","University of Chicago (historical)","restore","51.9","12388","62","461","221","verified","https://openalex.org/A5025038084","https://biosciences.uchicago.edu/news/articles/sliman-bensmaia-leading-expert-neuroscience-touch-1973-2023","2026-09-15"
"68","georg-nagel","Georg Nagel","University of Würzburg","stimulate","51.5","18703","55","162","265","verified","https://openalex.org/A5003921354","https://www.biozentrum.uni-wuerzburg.de/en/bot1/research/prof-dr-georg-nagel/","2026-09-15"
"69","judy-illes","Judy Illes","University of British Columbia","personal","51.2","13371","54","344","479","verified","https://openalex.org/A5023145420","https://neuroethics.med.ubc.ca/","2026-09-15"
"70","timothy-denison","Timothy Denison","University of Oxford / Amber Therapeutics","stimulate","50.5","10747","46","1592","272","verified","https://openalex.org/A5031652451","https://www.bndu.ox.ac.uk/people/prof-tim-denison-freng","2026-09-15"
"71","na-ji","Na Ji","University of California, Berkeley","record","50","10452","55","823","238","verified","https://openalex.org/A5047895845","https://www.jilab.net/","2026-09-15"
"72","jonathan-pillow","Jonathan Pillow","Princeton University","compute","49.3","12275","51","608","252","verified","https://openalex.org/A5047908820","https://ece.princeton.edu/people/jonathan-pillow","2026-09-15"
"73","jose-antonio-garrido","Jose Antonio Garrido","ICREA / ICN2; INBRAIN co-founder (2022 account)","record","48.9","13074","54","341","277","verified","https://openalex.org/A5032851715","https://www.imb-cnm.csic.es/en/outreach/news/inbrain-neuroelectronics-signs-agreement-develop-neurotechnology-patented-six-public","2026-09-15"
"74","kathleen-cullen","Kathleen Cullen","Johns Hopkins University","record","48.5","12105","61","359","380","verified","https://openalex.org/A5023860476","https://www.bme.jhu.edu/faculty_staff/kathleen-cullen/","2026-09-15"
"75","tom-chau","Tom Chau","University of Toronto","restore","48.4","13548","59","117","327","verified","https://openalex.org/A5084071828","https://bme.utoronto.ca/faculty-research/core-faculty/tom-chau/","2026-09-15"
"76","behnaam-aazhang","Behnaam Aazhang","Rice University","compute","47.5","20926","50","84","386","verified","https://openalex.org/A5061405587","https://profiles.rice.edu/faculty/behnaam-aazhang","2026-09-15"
"77","marcel-van-gerven","Marcel van Gerven","Radboud University","compute","45.7","10194","52","554","361","verified","https://openalex.org/A5074794877","https://www.ru.nl/en/people/gerven-m-van","2026-09-15"
"78","jacob-robinson","Jacob T. Robinson","Rice University","stimulate","45.6","11028","45","673","244","verified","https://openalex.org/A5090124580","https://robinsonlab.rice.edu/","2026-09-15"
"79","eric-maris","Eric Maris","Radboud University","compute","45.5","28346","38","17","127","verified","https://openalex.org/A5091232686","https://www.ru.nl/en/people/maris-e","2026-09-15"
"80","andrew-schwartz","Andrew Schwartz","University of Pittsburgh","restore","44.7","19122","46","56","139","verified","https://openalex.org/A5069968340","https://www.cnup.pitt.edu/people/andrew-b-schwartz-phd","2026-09-15"
"81","marcello-ienca","Marcello Ienca","Technical University of Munich","personal","44.3","12122","36","783","147","verified","https://openalex.org/A5057220026","https://www.ieai.sot.tum.de/people/marcello-ienca/","2026-09-15"
"82","xingde-li","Xingde Li","Johns Hopkins University","record","43.4","13129","51","113","337","verified","https://openalex.org/A5014330564","https://www.bme.jhu.edu/?p=19730","2026-09-15"
"83","scott-sternson","Scott Sternson","University of California, San Diego","stimulate","43.3","13190","40","277","87","verified","https://openalex.org/A5021791481","https://profiles.ucsd.edu/scott.sternson","2026-09-15"
"84","jens-haueisen","Jens Haueisen","Technische Universität Ilmenau","compute","42.7","10994","48","363","711","verified","https://openalex.org/A5044825834","https://www.tu-ilmenau.de/en/ntg/people/jens-haueisen","2026-09-15"
"85","chong-xie","Chong Xie","Rice University","record","42.4","8066","45","820","160","verified","https://openalex.org/A5084766385","https://xielab.rice.edu/","2026-09-15"
"86","alexander-mathis","Alexander Mathis","EPFL","compute","42.3","12418","28","728","146","verified","https://openalex.org/A5013861606","https://www.mathisgroup.org/","2026-09-15"
"87","tom-oxley","Tom Oxley","University of Melbourne","restore","41.1","13170","32","329","116","verified","https://openalex.org/A5089907065","https://www.unimelb.edu.au/about/people/tom-oxley","2026-09-15"
"88","mackenzie-mathis","Mackenzie Mathis","EPFL","compute","40","11633","23","1017","112","verified","https://openalex.org/A5025196309","https://www.mathislab.org/","2026-09-15"
"89","shangkai-gao","Shangkai Gao","Tsinghua University","restore","39.5","11727","50","127","178","verified","https://openalex.org/A5073517028","https://bme.tsinghua.edu.cn/en/Faculty/Emeritus___Retired_Faculty.htm","2026-09-15"
"90","jennifer-collinger","Jennifer Collinger","University of Pittsburgh","restore","39.4","8880","42","478","164","verified","https://openalex.org/A5009576549","https://www.rnel.pitt.edu/people/jennifer-collinger","2026-09-15"
"91","alipasha-vaziri","Alipasha Vaziri","Rockefeller University","record","39.3","11284","39","351","132","verified","https://openalex.org/A5017672157","https://www.vazirilab.org/","2026-09-15"
"92","gero-miesenbock","Gero Miesenböck","University of Oxford","stimulate","38.3","12426","42","112","69","verified","https://openalex.org/A5109272997","https://cncb.ox.ac.uk/","2026-09-15"
"93","viren-jain","Viren Jain","Google Research","compute","37.2","7602","30","1018","74","verified","https://openalex.org/A5021276997","https://research.google/people/virenjain/","2026-09-15"
"94","daniel-palanker","Daniel Palanker","Stanford University","restore","36.7","8290","49","231","350","verified","https://openalex.org/A5064040602","https://profiles.stanford.edu/daniel-palanker","2026-09-15"
"95","marcia-omalley","Marcia O'Malley","Rice University","restore","35","7806","45","256","300","verified","https://openalex.org/A5055353705","https://omalley.rice.edu/","2026-09-15"
"96","euisik-yoon","Euisik Yoon","University of Michigan","record","34.8","10123","51","69","317","verified","https://openalex.org/A5104111210","https://micl.engin.umich.edu/","2026-09-15"
"97","stanisa-raspopovic","Stanisa Raspopovic","Medical University of Vienna","restore","34.6","7237","38","426","147","verified","https://openalex.org/A5033447067","https://www.meduniwien.ac.at/web/en/about-us/news/2024/news-in-august-2024/stanisa-raspopovic-takes-over-professorship-for-biomedical-engineering/","2026-09-15"
"98","charley-della-santina","Charley Della Santina","Johns Hopkins University","restore","33.5","8512","47","97","147","verified","https://openalex.org/A5084054564","https://www.bme.jhu.edu/faculty_staff/charley-della-santina/","2026-09-15"
"99","moritz-helmstaedter","Moritz Helmstaedter","Max Planck Institute for Brain Research","compute","32.7","9056","43","106","97","verified","https://openalex.org/A5069874653","https://brain.mpg.de/research/helmstaedter-department.html","2026-09-15"
"100","frank-willett","Frank Willett","Stanford University / Neural Prosthetics Translational Laboratory","compute","32.6","4880","24","1176","67","verified","https://openalex.org/A5069025834","https://profiles.stanford.edu/francis-willett","2026-09-15"
"101","dustin-tyler","Dustin Tyler","Case Western Reserve University","restore","31.5","8444","44","91","164","verified","https://openalex.org/A5059609496","https://engineering.case.edu/about/school-directory/dustin-tyler","2026-09-15"
"102","andrew-huth","Alexander G. Huth","University of California, Berkeley","compute","31.3","6999","26","621","97","verified","https://openalex.org/A5077310477","https://vision.berkeley.edu/people/alexander-huth","2026-09-15"
"103","yukiyasu-kamitani","Yukiyasu Kamitani","Kyoto University / ATR Computational Neuroscience Laboratories","compute","31.2","10142","37","113","262","verified","https://openalex.org/A5078484869","https://www.i.kyoto-u.ac.jp/en/faculty/professor/","2026-09-15"
"104","scott-linderman","Scott Linderman","Stanford University","compute","30.7","3254","31","1019","136","verified","https://openalex.org/A5054079047","https://web.stanford.edu/~swl1/","2026-09-15"
"105","max-ortiz-catalan","Max Ortiz-Catalan","Prometi Pain Rehabilitation Center / Remedi Ukraine (2026 publication affiliations)","restore","30.6","4790","34","532","187","verified","https://openalex.org/A5062966636","https://www.maxortizcatalan.com/research","2026-09-15"
"106","robert-gaunt","Robert Gaunt","University of Pittsburgh","restore","28.9","4532","33","429","137","verified","https://openalex.org/A5077889991","https://www.rnel.pitt.edu/people/robert-gaunt","2026-09-15"
"107","cynthia-chestek","Cynthia Chestek","University of Michigan","restore","28.6","5097","37","285","186","verified","https://openalex.org/A5037880597","https://chestekresearch.engin.umich.edu/","2026-09-15"
"108","michel-maharbiz","Michel Maharbiz","University of California, Berkeley","record","27.7","6564","40","144","200","verified","https://openalex.org/A5039854529","https://maharbiz.com/","2026-09-15"
"109","rylie-green","Rylie Green","Imperial College London","record","27.1","5186","36","198","120","verified","https://openalex.org/A5009901504","https://profiles.imperial.ac.uk/rylie.green","2026-09-15"
"110","florian-solzbacher","Florian Solzbacher","University of Utah / Blackrock Neurotech (co-founder)","record","26.9","7045","41","77","198","verified","https://openalex.org/A5079803960","https://www.price.utah.edu/2024/07/25/brain-trust-a-qa-with-florian-solzbacher","2026-09-15"
"111","maryam-shanechi","Maryam Shanechi","University of Southern California","compute","25","3497","31","382","116","verified","https://openalex.org/A5062569186","https://viterbi.usc.edu/directory/faculty/Shanechi/Maryam","2026-09-15"
"111","nathan-intrator","Nathan Intrator","Tel Aviv University","compute","25","6926","42","23","218","verified","https://openalex.org/A5029500893","https://en-sagol.tau.ac.il/people/faculty","2026-09-15"
"113","gopala-anumanchipalli","Gopala Anumanchipalli","University of California, Berkeley","compute","23.9","3184","16","869","89","verified","https://openalex.org/A5068922218","https://spherelab.berkeley.edu/","2026-09-15"
"114","shigeyoshi-fujisawa","Shigeyoshi Fujisawa","RIKEN Center for Brain Science","record","22.5","7220","28","81","65","verified","https://openalex.org/A5043580794","https://www.riken.jp/en/research/labs/cbs/circuit_behav_phys/","2026-09-15"
"115","jonathan-viventi","Jonathan Viventi","Duke University","record","22.1","6650","23","151","93","verified","https://openalex.org/A5071960014","https://viventi.pratt.duke.edu/","2026-09-15"
"116","luca-berdondini","Luca Berdondini","Italian Institute of Technology / Corticale (2021 account)","record","21.1","4406","34","90","178","verified","https://openalex.org/A5088983421","https://opentalk.iit.it/en/corticale-the-new-iit-start-up-to-study-and-treat-brain/","2026-09-15"
"117","brenton-hordacre","Brenton Hordacre","Adelaide University","stimulate","20.7","2896","29","316","119","verified","https://openalex.org/A5046785599","https://researchers.adelaide.edu.au/profile/brenton.hordacre","2026-09-15"
"118","valentin-dragoi","Valentin Dragoi","Rice University / Houston Methodist","compute","20.4","3719","29","149","88","verified","https://openalex.org/A5046743545","https://profiles.rice.edu/faculty/valentin-dragoi","2026-09-15"
"119","sridevi-sarma","Sridevi Sarma","Johns Hopkins University","compute","20.2","3156","28","265","231","verified","https://openalex.org/A5088809750","https://www.bme.jhu.edu/faculty_staff/sridevi-sarma/","2026-09-15"
"120","eduardo-moraud","Eduardo Martín Moraud","EPFL Neuro-X Institute","stimulate","18.9","4486","21","183","55","verified","https://openalex.org/A5069196546","https://neuro-x.epfl.ch/en/contact/","2026-09-15"
"121","jennifer-chandler","Jennifer Chandler","University of Ottawa","personal","18.4","2077","22","432","170","verified","https://openalex.org/A5080481788","https://www.uottawa.ca/faculty-law/civil-law/people/chandler-jennifer","2026-09-15"
"122","jose-zariffa","José Zariffa","University of Toronto","restore","18.3","2511","27","314","178","verified","https://openalex.org/A5048203934","https://bme.utoronto.ca/faculty-research/core-faculty/jose-zariffa/","2026-09-15"
"123","kristofer-bouchard","Kristofer Bouchard","Lawrence Berkeley National Laboratory","compute","18.1","2854","23","325","124","verified","https://openalex.org/A5040319820","https://biosciences.lbl.gov/profiles/kristofer-e-bouchard/","2026-09-15"
"123","laura-cabrera","Laura Cabrera","Penn State University","personal","18.1","1847","24","394","151","verified","https://openalex.org/A5061267578","https://philosophy.la.psu.edu/people/laura-cabrera/","2026-09-15"
"125","simon-schultz","Simon Schultz","Imperial College London","record","17.7","3728","34","14","199","verified","https://openalex.org/A5033931489","https://profiles.imperial.ac.uk/s.schultz","2026-09-15"
"126","lee-fisher","Lee Fisher","University of Pittsburgh","restore","17.2","2033","21","429","141","verified","https://openalex.org/A5029708385","https://www.rnel.pitt.edu/people/lee-fisher","2026-09-15"
"127","lan-luan","Lan Luan","Rice University","record","16.2","2925","23","170","102","verified","https://openalex.org/A5014103056","https://luanlab.rice.edu/","2026-09-15"
"127","moritz-grosse-wentrup","Moritz Grosse-Wentrup","University of Vienna","compute","16.2","4013","28","25","155","verified","https://openalex.org/A5040565095","https://ucrisportal.univie.ac.at/de/persons/moritz-grosse-wentrup/","2026-09-15"
"129","jeremy-magland","Jeremy Magland","Simons Foundation / Flatiron Institute","compute","16.1","3675","30","24","133","verified","https://openalex.org/A5042248436","https://www.simonsfoundation.org/people/jeremy-magland/","2026-09-15"
"130","rikky-muller","Rikky Muller","University of California, Berkeley","record","15","2992","22","144","118","verified","https://openalex.org/A5009955932","https://muller.eecs.berkeley.edu/","2026-09-15"
"131","nicholas-opie","Nicholas Opie","University of Melbourne / Synchron","record","13.7","2267","20","239","65","verified","https://openalex.org/A5053206239","https://medicine.unimelb.edu.au/research-groups/medicine-research/royal-melbourne-hospital/the-vascular-bionics-laboratory","2026-09-15"
"132","nita-farahany","Nita Farahany","Duke University","personal","12.8","1541","17","310","64","verified","https://openalex.org/A5046014851","https://scienceandsociety.duke.edu/about-us/people/faculty-governance/nita-farahany-jd-phd/","2026-09-15"
"133","shlomi-haar","Shlomi Haar","Imperial College London","compute","12.7","2724","21","135","88","verified","https://openalex.org/A5037584185","https://www.imperial.ac.uk/people/s.haar","2026-09-15"
"134","benjamin-rapoport","Benjamin Rapoport","Precision Neuroscience (co-founder)","translation","11.6","1529","17","254","71","verified","https://openalex.org/A5023009206","https://www.precisionneuro.io/our-vision","2026-09-15"
"135","paul-le-floch","Paul Le Floch","Axoft (co-founder); Harvard doctoral training","translation","8.5","1361","11","193","29","verified","https://openalex.org/A5005546087","https://seas.harvard.edu/news/2024/01/long-lasting-neural-probe","2026-09-15"
"136","paul-yoo","Paul Yoo","University of Toronto","stimulate","7.9","1623","22","40","84","verified","https://openalex.org/A5031279146","https://bme.utoronto.ca/faculty-research/core-faculty/paul-yoo/","2026-09-15"
"137","jerzy-szablowski","Jerzy Szablowski","Rice University","stimulate","5.3","1136","15","86","89","verified","https://openalex.org/A5030593970","https://profiles.rice.edu/faculty/jerzy-szablowski","2026-09-15"
"138","zhengtuo-zhao","Zhengtuo Zhao","StairMed (co-founder); UT Austin / Rice training","record","5.2","1482","14","67","33","verified","https://openalex.org/A5079704131","https://people.ucas.ac.cn/~zhaozt","2026-09-15"
"139","saskia-hendriks","Saskia Hendriks","NIH BRAIN Initiative","personal","5","713","15","91","47","verified","https://openalex.org/A5086378659","https://braininitiative.nih.gov/research/neuroethics","2026-09-15"
"140","jorn-rickert","Jörn Rickert","CorTec (founder; historical context)","translation","3.6","1265","11","51","26","verified","https://openalex.org/A5114012478","https://news.vm.uni-freiburg.de/de/newsarchiv/biomolekuele-kopieren-gehirnaktivitaet-messen","2026-09-15"
"141","jessica-butts","Jessica Butts","Rice University","record","2.9","638","13","77","28","verified","https://openalex.org/A5102853627","https://profiles.rice.edu/faculty/jessica-butts","2026-09-15"
"142","matt-angle","Matt Angle","Paradromics (founder)","translation","2.7","831","11","46","18","verified","https://openalex.org/A5033584350","https://paradromics.com/company/","2026-09-15"
"143","nikunj-bhagat","Nikunj Bhagat","Indian Institute of Technology Kanpur","restore","1.2","665","10","39","31","verified","https://openalex.org/A5033421236","https://www.iitk.ac.in/bsbe/index.php/nikunj-bhagat","2026-09-15"
"","alberto-priori","Alberto Priori","Newronika (co-founder)","stimulate","","","","","","unresolved","","https://newronika.com/about","2026-09-15"
"","alim-louis-benabid","Alim-Louis Benabid","Clinatec / Grenoble Alpes University","stimulate","","12640","54","","177","verified","https://openalex.org/A5111660937","https://www.clinatec.fr/en/","2026-09-15"
"","andrew-jackson","Andrew Jackson","Newcastle University","stimulate","","","","","","ambiguous","","https://www.ncl.ac.uk/medical-sciences/people/profile/andrewjackson.html","2026-09-15"
"","andrew-wilder","Andrew Wilder","Ripple Neuro (company biography)","compute","","","","","","unresolved","","https://rippleneuro.com/about-ripple-neuro/","2026-09-15"
"","brian-litt","Brian Litt","University of Pennsylvania","stimulate","","","","","","unresolved","","https://www.med.upenn.edu/apps/faculty/index.php/g324/p6213","2026-09-15"
"","charles-lieber","Charles Lieber","Tsinghua Shenzhen International Graduate School","record","","139434","166","","578","verified","https://openalex.org/A5084836278","https://www.sigs.tsinghua.edu.cn/Lieber/main.psp","2026-09-15"
"","craig-cook","Craig Cook","ABILITY Neurotech (2025 co-founder appointment)","translation","","","","","","unresolved","","https://wysscenter.ch/update/craig-cook-appointed-cbo/","2026-09-15"
"","dezhong-yao","Dezhong Yao","University of Electronic Science and Technology of China","compute","","","","","","unresolved","","https://faculty.uestc.edu.cn/yaodezhong/en/index.htm","2026-09-15"
"","fangang-zeng","Fan-Gang Zeng","University of California, Irvine / Nurotron (co-founder)","restore","","","","","","unresolved","","https://scholarconnect.uci.edu/fzeng","2026-09-15"
"","graeme-clark","Graeme Clark","University of Melbourne (historical research context)","restore","","","","","","unresolved","","https://www.cochlear.com/us/en/about-us/proven-over-time","2026-09-15"
"","hanchuan-peng","Hanchuan Peng","Southeast University","compute","","","","","","unresolved","","https://penglab.com/","2026-09-15"
"","hong-bo","Hong Bo","Tsinghua University (NEO research team; 2024 account)","record","","","","","","unresolved","","https://www.tsinghua.edu.cn/info/1175/109595.htm","2026-09-15"
"","hongkun-park","Hongkun Park","Harvard University (Park Group; 2024 account)","record","","","","","","unresolved","","https://seas.harvard.edu/news/2024/01/long-lasting-neural-probe","2026-09-15"
"","honglai-xu","Honglai Xu / 胥红来","Neuracle (founder; June 2026 filing)","translation","","","","","","unresolved","","https://static.sse.com.cn/stock/disclosure/announcement/c/202606/002198_20260611_0RN0.pdf","2026-09-15"
"","jerry-chen","Jerry Chieh-Hsiao Chen","Brain Navi Biotechnology (founder)","translation","","","","","","unresolved","","https://brainnavi.com/zh/naotrac-fda-clearance/","2026-09-15"
"","jia-liu","Jia Liu","Harvard University / Axoft (co-founder; 2024 account)","record","","","","","","ambiguous","https://openalex.org/A5100409757","https://seas.harvard.edu/news/2024/01/long-lasting-neural-probe","2026-09-15"
"","john-parker","John Parker","Saluda Medical (founder; historical context)","stimulate","","","","","","unresolved","","https://www.saludamedical.com/press-releases/saluda-medical-announces-executive-leadership-changes/","2026-09-15"
"","jonathan-moreno","Jonathan Moreno","University of Pennsylvania","personal","","","","","","ambiguous","","https://neuroethics.upenn.edu/","2026-09-15"
"","jose-millan","José del R. Millán","University of Texas at Austin","compute","","","","","","ambiguous","https://openalex.org/A5050363894","https://bme.utexas.edu/people/faculty-directory/millan","2026-09-15"
"","jose-carmena","José M. Carmena","University of California, Berkeley","restore","","","","","","unresolved","","https://vcresearch.berkeley.edu/node/14341","2026-09-15"
"","justin-williams","Justin Williams","University of Wisconsin–Madison (2022 account)","record","","","","","","unresolved","","https://engineering.wisc.edu/blog/hagness-williams-selected-as-national-academy-of-inventors-fellows/","2026-09-15"
"","phoenix-peng","Lei Peng / Phoenix Peng","NeuroXess (co-founder)","translation","","","","","","unresolved","","https://wp.neuroxess.com/2022/01/11/neuroxess-raised-cny97-million-in-an-angel-round-and-pre-series-a-round/","2026-09-15"
"","lorenzo-rossi","Lorenzo Rossi","Newronika (co-founder)","stimulate","","","","","","unresolved","","https://newronika.com/about","2026-09-15"
"","luming-li","Luming Li","Tsinghua University (DBS research team; 2019 account)","stimulate","","","","","","unresolved","","https://www.tsinghua.edu.cn/info/1368/81748.htm","2026-09-15"
"","marcus-gerhardt","Marcus Gerhardt","Blackrock Neurotech (co-founder)","translation","","","","","","unresolved","","https://blackrockneurotech.com/our-story/","2026-09-15"
"","masayuki-hirata","Masayuki Hirata","Osaka research / JiMED (founder)","record","","","","","","unresolved","","https://www.kyoto-unicap.co.jp/embark/36-jimed/","2026-09-15"
"","michael-jordan","Michael I. Jordan","MIT (historical laboratory context)","compute","","","","","","unresolved","","https://sabes.ucsf.edu/","2026-09-15"
"","miguel-nicolelis","Miguel Nicolelis","Duke University (emeritus)","restore","","30910","87","","340","verified","https://openalex.org/A5048735359","https://scholars.duke.edu/person/nicoleli","2026-09-15"
"","charles-garell","P. Charles Garell","University of Wisconsin–Madison (historical collaboration)","translation","","","","","","unresolved","","https://engineering.wisc.edu/blog/hagness-williams-selected-as-national-academy-of-inventors-fellows/","2026-09-15"
"","peng-cao","Peng Cao / 曹鹏","Genlight Neurotech (founder)","translation","","","","","","unresolved","","https://www.hzctxh.com/article/532","2026-09-15"
"","peter-blamey","Peter Blamey","Bionics Institute","restore","","7378","46","","244","verified","https://openalex.org/A5089168733","https://www.bionicsinstitute.org/our-people/peter-blamey/","2026-09-15"
"","philip-sabes","Philip Sabes","UCSF (retired in 2017) / Neuralink (founding-team context)","record","","","","","","unresolved","","https://sabes.ucsf.edu/","2026-09-15"
"","ralph-etienne-cummings","Ralph Etienne-Cummings","Johns Hopkins University","record","","","","","","unresolved","","https://engineering.jhu.edu/ece/faculty/ralph-etienne-cummings/","2026-09-15"
"","richard-normann","Richard Normann","University of Utah (emeritus; 2024 account)","record","","","","","","ambiguous","https://openalex.org/A5064988221","https://www.price.utah.edu/2024/07/25/brain-trust-a-qa-with-florian-solzbacher","2026-09-15"
"","robert-fischell","Robert Fischell","NeuroPace (founder; historical context)","translation","","","","","","unresolved","","https://bioe.umd.edu/about/meet-the-fischells","2026-09-15"
"","robert-shepherd","Robert Shepherd","Bionics Institute (research career context)","restore","","","","","","unresolved","","https://www.bionicsinstitute.org/about/professor-robert-shepherd-am/","2026-09-15"
"","rotem-kopel","Rotem Kopel","ABILITY Neurotech (co-founder)","translation","","563","8","","9","verified","https://openalex.org/A5067433442","https://abilityneuro.com/team/","2026-09-15"
"","sara-marceglia","Sara Marceglia","Newronika (co-founder)","stimulate","","","","","","unresolved","","https://newronika.com/about","2026-09-15"
"","scott-hiatt","Scott Hiatt","Ripple Neuro (company biography)","stimulate","","","","","","unresolved","","https://rippleneuro.com/about-ripple-neuro/","2026-09-15"
"","tao-hu","Tao Hu / Tiger H. Tao","Shanghai Institute of Microsystem and Information Technology / NeuroXess (2022 account)","record","","","","","","unresolved","","https://www.neuroxess.com/about/","2026-09-15"
"","tao-zhou-neuramatrix","Tao Zhou / 周涛","Beijing NeuraMatrix (co-founder; March 2026 account)","translation","","","","","","unresolved","","https://www.zgcforum.com/zh2026/news/forum/963039","2026-09-15"
"","thomas-stieglitz","Thomas Stieglitz","University of Freiburg","record","","","","","","ambiguous","","https://www.imtek.uni-freiburg.de/laboratories/biomedical-microtechnology/contact","2026-09-15"
"","tianyang-ye","Tianyang Ye","Axoft (co-founder); Harvard graduate and postdoctoral training","record","","","","","","unresolved","","https://seas.harvard.edu/news/2024/01/long-lasting-neural-probe","2026-09-15"
"","timothy-brown","Timothy Brown","University of Washington","personal","","","","","","ambiguous","","https://phil.washington.edu/people/timothy-emmanuel-brown","2026-09-15"
"","vanessa-tolosa","Vanessa Tolosa","Precision Neuroscience (June 2025 appointment)","record","","","","","","unresolved","","https://www.precisionneuro.io/our-vision","2026-09-15"
"","winfried-denk","Winfried Denk","Max Planck Institute","record","","43008","83","","204","verified","https://openalex.org/A5020934124","https://www.neuro.mpg.de/denk","2026-09-15"
"","xilin-liu","Xilin Liu","University of Toronto","restore","","","","","","ambiguous","","https://www.ece.utoronto.ca/people/liu-x/","2026-09-15"
"","xue-li","Xue Li","StairMed (co-founder)","record","","","","","","ambiguous","https://openalex.org/A5100372263","https://www.chongxie.net/team","2026-09-15"
"","yihua-ning","Yihua Ning / 宁益华","SceneRay (founder)","translation","","","","","","unresolved","","https://www.isam-hamburg.com/wp-content/uploads/2025/04/ISAM-GATID-2025-Speakers-and-Abstracts.pdf","2026-09-15"
